{
  "train_loss": [
    3.113924058411232,
    2.670750436986771,
    2.639503233723594,
    2.6303595634283834,
    2.6268142836215316,
    2.625202944864042,
    2.6250081506411655,
    2.6222336211875894,
    2.621897279202673,
    2.6222635639837124,
    2.621502137388184,
    2.6210374711913174,
    2.619809062233787
  ],
  "val_loss": [
    2.97792759177528,
    2.626073212012807,
    2.6165081106535317,
    2.6177385171222514,
    2.6181198293573535,
    2.6162672173729993,
    2.6158418468419344,
    2.6137131789357233,
    2.6125949142493643,
    2.6143438582590064,
    2.6144736278663574,
    2.612699995763868,
    2.612636183004803
  ],
  "val_accuracy": [
    0.0659561632817213,
    0.11622762919766741,
    0.11964608887995173,
    0.12507540719887392,
    0.12427106374421878,
    0.12004826060727931,
    0.12185803338025337,
    0.1252764930625377,
    0.12085260406193445,
    0.12004826060727931,
    0.11944500301628795,
    0.12346672028956364,
    0.12427106374421878
  ],
  "val_macro_f1": [
    0.008250015720304345,
    0.026058900825338217,
    0.0260116446450061,
    0.02987993008535499,
    0.02842018804765838,
    0.02684537969798514,
    0.03259193996992746,
    0.03376044911920396,
    0.027953415039175974,
    0.02684537969798514,
    0.029428832684280357,
    0.028702496086901542,
    0.02908322688795597
  ],
  "learning_rate": [
    0.0001,
    0.0002,
    0.00019848077530122083,
    0.00019396926207859084,
    0.00018660254037844388,
    0.0001766044443118978,
    0.00016427876096865394,
    0.00015000000000000001,
    0.00013420201433256689,
    0.00011736481776669306,
    0.0001,
    8.263518223330697e-05,
    6.579798566743314e-05
  ],
  "best_epoch": 8,
  "best_macro_f1": 0.03376044911920396
}