{
  "train_loss": [
    2.237699760518692,
    1.7685511550927187,
    1.5259451620262263,
    1.3726299474927282,
    1.3206024062547477,
    1.319750369592685,
    1.3799164506882058,
    1.3487899603583817
  ],
  "val_loss": [
    1.8688379815471932,
    1.8235903548782029,
    1.7583106826685957,
    1.8991691529714867,
    1.8991242096310479,
    1.9040340775578597,
    2.049368918361545,
    1.9596984111972673
  ],
  "val_accuracy": [
    0.41021516187412027,
    0.43575306655942087,
    0.46752463301829883,
    0.4612909712447215,
    0.44661170319726523,
    0.43555198069575707,
    0.41825859642067165,
    0.41825859642067165
  ],
  "val_macro_f1": [
    0.3461201302414643,
    0.4004343682125132,
    0.42223453311845793,
    0.41907212206380196,
    0.4099216364456477,
    0.400385087370463,
    0.37870845198243475,
    0.3744230938184125
  ],
  "learning_rate": [
    0.0004,
    0.0006,
    0.0008,
    0.001,
    0.001,
    0.000996057350657239,
    0.0009842915805643156,
    0.0009648882429441257
  ],
  "best_epoch": 3,
  "best_macro_f1": 0.42223453311845793
}