{
  "train_loss": [
    2.628858593496704,
    2.6093804038117283,
    2.606911124542322,
    2.605367774817194,
    2.604836119429811,
    2.6043479030999013
  ],
  "val_loss": [
    2.6029787237630293,
    2.602231269292181,
    2.603800562385484,
    2.602670916603912,
    2.602941525670429,
    2.6018366793523775
  ],
  "val_accuracy": [
    0.10939070983309873,
    0.10939070983309873,
    0.10939070983309873,
    0.10939070983309873,
    0.10939070983309873,
    0.10939070983309873
  ],
  "val_macro_f1": [
    0.013147241858497976,
    0.013147241858497976,
    0.013147241858497976,
    0.013147241858497976,
    0.013147241858497976,
    0.013147241858497976
  ],
  "learning_rate": [
    0.0005,
    0.0005,
    0.0005,
    0.0005,
    0.00025,
    0.00025
  ],
  "best_epoch": 1,
  "best_macro_f1": 0.013147241858497976
}