{
  "train_loss": [
    2.225196856081964,
    1.7395179102924943,
    1.576536093528419,
    1.47593832190731,
    1.397365939174181,
    1.2957263993563777,
    1.2084589472052063,
    1.1131728516821968,
    1.0243194349394977,
    0.9239707139101311,
    0.8275014947473629
  ],
  "val_loss": [
    1.7993662667039556,
    1.647616855771686,
    1.5547293197598084,
    1.543850083910146,
    1.5386319282235645,
    1.5699193157853435,
    1.568183493762819,
    1.6661167062793534,
    1.7260043159855363,
    1.7930475846157692,
    1.9814429927490713
  ],
  "val_accuracy": [
    0.402976070782224,
    0.45545948119847174,
    0.4870299617936859,
    0.48803539111200483,
    0.49808968429519407,
    0.49989945706816813,
    0.4926603659762719,
    0.4900462497486427,
    0.49024733561230643,
    0.48823647697566863,
    0.48280715865674645
  ],
  "val_macro_f1": [
    0.35028203719735435,
    0.41913182950699296,
    0.4449417217195394,
    0.4481614386929911,
    0.4636249314177655,
    0.4832637530355413,
    0.47537021365700477,
    0.47795550817926763,
    0.4687132226982405,
    0.4713045923165392,
    0.4720802677802534
  ],
  "learning_rate": [
    0.0004,
    0.0006,
    0.0008,
    0.001,
    0.001,
    0.000996057350657239,
    0.0009842915805643156,
    0.0009648882429441257,
    0.0009381533400219318,
    0.0009045084971874737,
    0.0008644843137107057
  ],
  "best_epoch": 6,
  "best_macro_f1": 0.4832637530355413
}