{
  "train_loss": [
    2.3522829156059064,
    1.6772043770061158,
    1.2364751663756308,
    0.91115650429746,
    0.6638577754312719,
    0.4349978266754723,
    0.2792840482677036,
    0.18409382951132952,
    0.12989910214653178,
    0.09275584227242523
  ],
  "val_loss": [
    1.9099879644536981,
    1.6453025246107575,
    1.6520066946391343,
    1.7651715492449511,
    1.9325188907751394,
    2.3638358382231366,
    2.8976376613284796,
    3.28821455907371,
    3.810347635693745,
    4.094494945346626
  ],
  "val_accuracy": [
    0.3567263221395536,
    0.4560627387894631,
    0.4687311482002815,
    0.4727528654735572,
    0.46832897647295396,
    0.4482203901065755,
    0.4494269052885582,
    0.436557410014076,
    0.43736175346873113,
    0.4423889000603258
  ],
  "val_macro_f1": [
    0.31134594739915084,
    0.41569829307141687,
    0.4309182823401192,
    0.43414331764589514,
    0.45794943845744857,
    0.4314866273854572,
    0.4298707630755224,
    0.42190437220851335,
    0.4216498201481958,
    0.4219044892253128
  ],
  "learning_rate": [
    0.0004,
    0.0006,
    0.0008,
    0.001,
    0.001,
    0.000996057350657239,
    0.0009842915805643156,
    0.0009648882429441257,
    0.0009381533400219318,
    0.0009045084971874737
  ],
  "best_epoch": 5,
  "best_macro_f1": 0.45794943845744857
}