{
  "train_loss": [
    2.6287227110540634,
    2.61055049084233,
    2.607865260534014,
    2.6068920625845573,
    2.606299367539244,
    2.605954735973727,
    2.6053227306150144
  ],
  "val_loss": [
    2.605881793528238,
    2.6037038974351576,
    2.607133870150706,
    2.602184912627692,
    2.6026867449511326,
    2.6020916182822726,
    2.6076249253119403
  ],
  "val_accuracy": [
    0.09772772974059923,
    0.10939070983309873,
    0.10939070983309873,
    0.10939070983309873,
    0.10939070983309873,
    0.10939070983309873,
    0.09772772974059923
  ],
  "val_macro_f1": [
    0.011870305916834585,
    0.013147241858497976,
    0.013147241858497976,
    0.013147241858497976,
    0.013147241858497976,
    0.013147241858497976,
    0.011870305916834585
  ],
  "learning_rate": [
    0.0004,
    0.0006,
    0.0008,
    0.001,
    0.001,
    0.000996057350657239,
    0.0009842915805643156
  ],
  "best_epoch": 2,
  "best_macro_f1": 0.013147241858497976
}