{
  "train_loss": [
    2.0731222535198293,
    1.804765613370002,
    1.728704605704965,
    1.7150135907456001,
    1.8140615381597953,
    1.8929222351856967,
    1.940118344155668,
    2.0186744038039492,
    2.0756974286069667
  ],
  "val_loss": [
    1.765683171304687,
    1.7633925994445014,
    1.7899613540800146,
    1.7779558209521464,
    1.9388657751731557,
    2.0186672630670586,
    2.0150604560632663,
    2.0537196176765957,
    2.144344788500895
  ],
  "val_accuracy": [
    0.43595415242308466,
    0.4427910717876533,
    0.4482203901065755,
    0.4403780414236879,
    0.39734566659963805,
    0.35934043836718277,
    0.35612306454856224,
    0.34727528654735573,
    0.3203297808164086
  ],
  "val_macro_f1": [
    0.3896445059024833,
    0.392099535047609,
    0.39989552098524567,
    0.40932089605875704,
    0.3577600041460445,
    0.3237359139783483,
    0.3128691662883946,
    0.30072270988634847,
    0.2769610307858184
  ],
  "learning_rate": [
    0.0004,
    0.0006,
    0.0008,
    0.001,
    0.001,
    0.000996057350657239,
    0.0009842915805643156,
    0.0009648882429441257,
    0.0009381533400219318
  ],
  "best_epoch": 4,
  "best_macro_f1": 0.40932089605875704
}